interior_point_count,grid_spacing_m,quantum_number_n,normalization,expected_x_m_numeric,expected_x_squared_m2_numeric,p_mean_real_kg_m_s_numeric,p_mean_imaginary_kg_m_s_numeric,p_squared_kg2_m2_s2_numeric,delta_x_m_numeric,delta_p_kg_m_s_numeric,delta_x_delta_p_j_s_numeric,uncertainty_product_over_hbar_numeric,heisenberg_ratio_numeric,delta_x_m_analytical,delta_p_kg_m_s_analytical,delta_x_delta_p_j_s_analytical,uncertainty_product_over_hbar_analytical,relative_delta_x_error,relative_p_squared_error,relative_delta_p_error,relative_uncertainty_error,relative_energy_error,eigenvector_overlap
100,9.900990099009901e-12,1,1.0000000000000002,5.0000000000000013e-10,2.8267273835018021e-19,0,-1.5621008024178452e-41,1.0975316468206513e-49,1.8075601884911079e-10,3.3129015180361932e-25,5.9882688923939788e-35,0.56783888893978007,1.1356777778795601,1.80756027595664e-10,3.3130350749999996e-25,5.9885105944210277e-35,0.56786180838661193,4.8388722188454972e-08,8.0623518176487955e-05,4.0312571639885224e-05,4.0360958411655316e-05,8.0623517827843908e-05,1.0000000000000004
100,9.900990099009901e-12,2,1.0000000000000004,4.9999999999999993e-10,3.2066817272427397e-19,0,8.5427387632225909e-42,4.3890647962972496e-49,2.6583485987408433e-10,6.625001733054301e-25,1.7611564073720561e-34,1.6700203607782946,3.3400407215565893,2.6583488367413546e-10,6.6260701499999992e-25,1.7614405875419113e-34,1.6702898352371223,8.952945074592977e-08,0.00032246287267397082,0.00016124443622109934,0.00016133395123570183,0.00032246287261365308,1.0000000000000002
100,9.900990099009901e-12,3,1.0000000000000002,4.9999999999999993e-10,3.2770435019367375e-19,0,-1.5621008024178452e-41,9.8714151026879863e-49,2.7875500030254853e-10,9.9354995358502156e-25,2.7695701761218977e-34,2.6262508913842222,5.2525017827684444,2.7875505140990144e-10,9.9391052249999988e-25,2.7705757879632952e-34,2.6272044649811743,1.833414413382808e-07,0.00072542447951681646,0.00036277804371300486,0.00036296131864216086,0.00072542447951261366,1.0000000000000002
100,9.900990099009901e-12,4,0.99999999999999989,5.0000000000000075e-10,3.3016699563596934e-19,0,2.9289390045334595e-42,1.7539278746143413e-48,2.8313776794339641e-10,1.3243594204800831e-24,3.7497617026954071e-34,3.5557196199923253,7.1114392399846507,2.8313785749085251e-10,1.3252140299999998e-24,3.7521826117101832e-34,3.5580152521856636,3.1626804301343061e-07,0.0012893524193236157,0.00064488414744352416,0.00064520021153031623,0.0012893524193141148,0.99999999999999967
100,9.900990099009901e-12,5,0.99999999999999967,5.0000000000000096e-10,3.3130683031853982e-19,0,0,2.7385237563809589e-48,2.8514352582259141e-10,1.6548485599537376e-24,4.718693530876468e-34,4.4745113153211014,8.9490226306422027,2.8514366494889306e-10,1.6565175374999998e-24,4.7234548169486544e-34,4.4790262151055593,4.8791650929062027e-07,0.0020140285180938232,0.0010075218091448643,0.001008009234067757,0.0020140285180773525,1.0000000000000002
100,9.900990099009901e-12,6,1,5.0000000000000013e-10,3.3192598022536461e-19,0,-3.1242016048356903e-41,3.93997662264216e-48,2.8622714795309771e-10,1.984937435447818e-24,5.6814298101356494e-34,5.3874280680255726,10.774856136051145,2.8622734787513615e-10,1.9878210449999998e-24,5.6896874576073163e-34,5.3952584000461066,6.9847287455331319e-07,0.0028991724602650724,0.001450638406025025,0.0014513358656680917,0.002899172460258686,0.99999999999999967
100,9.900990099009901e-12,7,0.99999999999999889,5.0000000000000003e-10,3.3229928761737305e-19,0,1.5621008024178452e-41,5.3571241453444443e-48,2.8687852414806698e-10,2.3145462072173985e-24,6.6399359999903328e-34,6.2963336293311123,12.592667258662225,2.8687879619157963e-10,2.3191245524999997e-24,6.6530765983953582e-34,6.3087942301030502,9.4828727762542086e-07,0.0039444419339546418,0.0019741696398608054,0.0019751160550586472,0.0039444419339467948,0.99999999999999967
100,9.900990099009901e-12,8,1,4.9999999999999972e-10,3.3254155724413597e-19,0,-1.1715756018133838e-41,6.9885953257846098e-48,2.8730046509557941e-10,2.6435951516419093e-24,7.5950611659113931e-34,7.2020331274012728,14.404066254802546,2.8730082071955099e-10,2.6504280599999997e-24,7.6147015689612733e-34,7.2206571819428769,1.2378104966273403e-06,0.0051494328083008176,0.0025780395481062148,0.0025792741674786012,0.0051494328082989727,1.0000000000000002
100,9.900990099009901e-12,9,1,4.9999999999999993e-10,3.3270763462592286e-19,0,1.5621008024178452e-41,8.832811820962484e-48,2.8758935068239737e-10,2.9720046805081723e-24,8.5471689629239118e-34,8.1048713988977159,16.209742797795432,2.8758980150230245e-10,2.9817315675e-24,8.5751558963047408e-34,8.1314100688228219,1.5675795967977605e-06,0.0065136793427857465,0.0032621605170123093,0.0032637229829128502,0.006513679342789562,1.0000000000000007
100,9.900990099009901e-12,10,1.0000000000000002,5.0000000000000003e-10,3.328264063434332e-19,0,-3.905252006044613e-41,1.0887989470525819e-47,2.8779577193460154e-10,3.2996953602606739e-24,9.4963837335524373e-34,9.0049663518874592,18.009932703774918,2.8779632974574512e-10,3.3130350749999996e-24,9.5347933490391938e-34,9.0413883525933851,1.9382149316100077e-06,0.00803665442843381,0.0040264332967636001,0.0040283637076023665,0.008036654428437328,1.0000000000000002
200,4.9751243781094527e-12,1,0.99999999999999989,5.0000000000000717e-10,2.8267274131060908e-19,0,0,1.0975977960980899e-49,1.8075602703810993e-10,3.3130013523964791e-25,5.9884496203107271e-35,0.56785602650345512,1.1357120530069102,1.80756027595664e-10,3.3130350749999996e-25,5.9885105944210277e-35,0.56786180838661193,3.0845669064124547e-09,2.035742521893859e-05,1.0178764413016802e-05,1.0181848948840593e-05,2.0357425287041798e-05,1.0000000000000002
200,4.9751243781094527e-12,2,1,4.9999999999998773e-10,3.2066818457168253e-19,0,3.139744896402037e-41,4.3901230564868855e-49,2.6583488215750544e-10,6.6258003716433269e-25,1.7613688609949596e-34,1.6702218203843151,3.3404436407686302,2.6583488367413546e-10,6.6260701499999992e-25,1.7614405875419113e-34,1.6702898352371223,5.7051580175879472e-09,8.1427711628360302e-05,4.0714684656987114e-05,4.0720389582869995e-05,8.1427711792455955e-05,1.0000000000000002
200,4.9751243781094527e-12,3,0.99999999999999933,5.0000000000000541e-10,3.2770437687191038e-19,0,-3.139744896402037e-41,9.8767714629498129e-49,2.7875504815501542e-10,9.9381947369478601e-25,2.7703219524718217e-34,2.6269637649290529,5.2539275298581058,2.7875505140990144e-10,9.9391052249999988e-25,2.7705757879632952e-34,2.6272044649811743,1.1676509551905261e-08,0.0001832048918191869,9.1606641797951647e-05,9.161831723787272e-05,0.00018320489180596709,0.99999999999999956
200,4.9751243781094527e-12,4,0.99999999999999967,4.999999999999992e-10,3.301670431176223e-19,0,4.1699736905339552e-42,1.7556202703443012e-48,2.8313785179241421e-10,1.3249982152230625e-24,3.7515714828704082e-34,3.5574357479456027,7.1148714958912054,2.8313785749085251e-10,1.3252140299999998e-24,3.7521826117101832e-34,3.5580152521856636,2.0126020400403493e-08,0.0003256790209504393,0.00016285277098774219,0.00016287289373055348,0.00032567902097248151,0.99999999999999922
200,4.9751243781094527e-12,5,1,4.9999999999999672e-10,3.313069046167119e-19,0,1.5698724482010185e-41,2.742654079951499e-48,2.851436561046294e-10,1.6560960358480116e-24,4.7222527852208542e-34,4.4778863859277962,8.9557727718555924,2.8514366494889306e-10,1.6565175374999998e-24,4.7234548169486544e-34,4.4790262151055593,3.1016868834046685e-08,0.00050883617806918454,0.00025445046155340463,0.00025448147053014195,0.00050883617804781426,0.99999999999999989
200,4.9751243781094527e-12,6,1.0000000000000002,5.0000000000000448e-10,3.3192608740550563e-19,0,-3.139744896402037e-41,3.9485374564582017e-48,2.8622733518219591e-10,1.9870927146105189e-24,5.6876025246292459e-34,5.3932813578540211,10.786562715708042,2.8622734787513615e-10,1.9878210449999998e-24,5.6896874576073163e-34,5.3952584000461066,4.4345658575194295e-08,0.00073265846793559909,0.00036639635711315844,0.00036644068652367108,0.00073265846793216065,1.0000000000000004
200,4.9751243781094527e-12,7,0.99999999999999967,4.9999999999999848e-10,3.322994338093206e-19,0,0,5.3729758192947695e-48,2.8687877894560646e-10,2.3179680367284554e-24,6.6497584001160397e-34,6.3056477414298326,12.611295482859665,2.8687879619157963e-10,2.3191245524999997e-24,6.6530765983953582e-34,6.3087942301030502,6.0115886567018113e-08,0.00099712402335636139,0.0004986863557188485,0.00049874644162647606,0.00099712402336891493,0.99999999999999956
200,4.9751243781094527e-12,8,0.99999999999999967,5.0000000000000189e-10,3.3254174865450634e-19,0,-5.8870216807538197e-42,7.0156211979422212e-48,2.8730079821417907e-10,2.6487017948312381e-24,7.6097413988634344e-34,7.2159536899522507,14.431907379904501,2.8730082071955099e-10,2.6504280599999997e-24,7.6147015689612733e-34,7.2206571819428769,7.833382396249509e-08,0.0013022070080529586,0.00065131561003833221,0.00065139389284239117,0.0013022070080447319,0.99999999999999933
200,4.9751243781094527e-12,9,0.99999999999999933,5.0000000000000013e-10,3.3270787755073241e-19,0,1.5698724482010185e-41,8.8760723169366257e-48,2.8758977302875758e-10,2.9792737901939501e-24,8.5680867311240446e-34,8.1247067176973609,16.249413435394722,2.8758980150230245e-10,2.9817315675e-24,8.5751558963047408e-34,8.1314100688228219,9.9007491627439764e-08,0.001647877620036818,0.00082427852756398914,0.00082437745344596713,0.0016478776200365957,0.99999999999999933
200,4.9751243781094527e-12,10,1.0000000000000002,4.9999999999999962e-10,3.3282670718116544e-19,0,-3.139744896402037e-41,1.0953874693895094e-47,2.8779629459248742e-10,3.3096638339709206e-24,9.5250898776359649e-34,9.0321870149121946,18.064374029824389,2.8779632974574512e-10,3.3130350749999996e-24,9.5347933490391938e-34,9.0413883525933851,1.2214630300991637e-07,0.0020341020955135314,0.0010175687708585614,0.0010176907928693623,0.0020341020955249854,0.99999999999999989
400,2.4937655860349129e-12,1,0.99999999999999933,4.9999999999998804e-10,2.8267274149942797e-19,0,0,1.0976145267078356e-49,1.8075602756046599e-10,3.3130266022291997e-25,5.988495278210982e-35,0.56786035602369178,1.1357207120473836,1.80756027595664e-10,3.3130350749999996e-25,5.9885105944210277e-35,0.56786180838661193,1.9472660993818927e-10,5.1148024539194848e-06,2.5574044971303503e-06,2.5575992234407757e-06,5.1147971060327099e-06,1
400,2.4937655860349129e-12,2,1,5.0000000000001751e-10,3.2066818532716312e-19,0,1.5737873420868067e-41,4.3903907380602441e-49,2.6583488357840781e-10,6.6260023679894986e-25,1.7614225680847427e-34,1.6702727482480078,3.3405454964960155,2.6583488367413546e-10,6.6260701499999992e-25,1.7614405875419113e-34,1.6702898352371223,3.6010190391021641e-10,2.0459084276298334e-05,1.0229594460394413e-05,1.022995455880641e-05,2.0459084327065155e-05,0.99999999999999989
400,2.4937655860349129e-12,3,0.99999999999999978,4.9999999999998545e-10,3.2770437857200381e-19,0,-1.5737873420868067e-41,9.8781265318790263e-49,2.7875505120449098e-10,9.9388764615921377e-25,2.7705120169662266e-34,2.627143993995698,5.254287987991396,2.7875505140990144e-10,9.9391052249999988e-25,2.7705757879632952e-34,2.6272044649811743,7.3688513178113807e-10,4.6032468721308229e-05,2.3016499240362922e-05,2.3017236108716664e-05,4.6032468673378138e-05,0.99999999999999967
400,2.4937655860349129e-12,4,0.99999999999999889,5.0000000000001761e-10,3.3016704614092228e-19,0,-3.1475746841736135e-41,1.7560485084983205e-48,2.8313785713130041e-10,1.3251598048908368e-24,3.7520290751332367e-34,3.5578696607955114,7.1157393215910227,2.8313785749085251e-10,1.3252140299999998e-24,3.7521826117101832e-34,3.5580152521856636,1.2698835094310942e-09,8.1834327956229627e-05,4.0918001119479472e-05,4.0919270951075479e-05,8.1834327998493955e-05,0.99999999999999978
400,2.4937655860349129e-12,5,0.99999999999999922,4.9999999999999093e-10,3.3130690934231628e-19,0,0,2.743699487386259e-48,2.851436643909967e-10,1.6564116298149621e-24,4.7231528186530146e-34,4.4787398445705362,8.9574796891410724,2.8514366494889306e-10,1.6565175374999998e-24,4.7234548169486544e-34,4.4790262151055593,1.9565448127118191e-09,0.00012786378301788516,6.3933935283019786e-05,6.3935891702828116e-05,0.00012786378297430977,0.99999999999999967
400,2.4937655860349129e-12,6,1.0000000000000009,4.9999999999999734e-10,3.31926094213431e-19,0,-1.5737873420868067e-41,3.9507049703618412e-48,2.8622734707472254e-10,1.9876380380647382e-24,5.6891636258007637e-34,5.3947616754060324,10.789523350812065,2.8622734787513615e-10,1.9878210449999998e-24,5.6896874576073163e-34,5.3952584000461066,2.7964260667595445e-09,0.00018411970387217791,9.2064089834383603e-05,9.20668860030828e-05,0.00018411970371918422,1.0000000000000004
400,2.4937655860349129e-12,7,0.99999999999999922,4.9999999999999858e-10,3.3229944308058789e-19,0,1.5737873420868067e-41,5.3769908745170367e-48,2.8687879510446449e-10,2.3188339471633229e-24,6.6522428880954358e-34,6.3080036625134639,12.616007325026928,2.8687879619157963e-10,2.3191245524999997e-24,6.6530765983953582e-34,6.3087942301030502,3.7894579702063974e-09,0.00025060070943300666,0.00012530820578979495,0.00012531199477294966,0.00025060070958041045,0.99999999999999978
400,2.4937655860349129e-12,8,1,5.0000000000000675e-10,3.3254176077133256e-19,0,6.6394153494287162e-42,7.0224696580726408e-48,2.8730081930152204e-10,2.6499942751018616e-24,7.6134552638110784e-34,7.2194753703968626,14.438950740793725,2.8730082071955099e-10,2.6504280599999997e-24,7.6147015689612733e-34,7.2206571819428769,4.9356940506014095e-09,0.00032730516762156399,0.00016366597708678308,0.00016367091197317776,0.00032730516757248552,1.0000000000000002
400,2.4937655860349129e-12,9,0.99999999999999944,5.0000000000000044e-10,3.327078928967295e-19,0,-3.1475746841736135e-41,8.8870403257513987e-48,2.8758979970911529e-10,2.9811139404174742e-24,8.573379610347129e-34,8.1297257018334044,16.259451403666809,2.8758980150230245e-10,2.9817315675e-24,8.5751558963047408e-34,8.1314100688228219,6.2352251183414338e-09,0.0004142311954108174,0.00020713705058423727,0.00020714328451785794,0.00041423119546090103,0.99999999999999944
400,2.4937655860349129e-12,10,0.99999999999999845,4.9999999999999476e-10,3.3282672614154279e-19,0,-1.5737873420868067e-41,1.0970588434976813e-47,2.8779632753311499e-10,3.3121878622712227e-24,9.532355028614168e-34,9.039076209992734,18.078152419985468,2.8779632974574512e-10,3.3130350749999996e-24,9.5347933490391938e-34,9.0413883525933851,7.6881804818796164e-09,0.00051137665889179065,0.00025572102606758498,0.00025572871228210807,0.00051137665890785429,0.99999999999999856
800,1.2484394506866419e-12,1,1.0000000000000016,4.9999999999999889e-10,2.8267274151136739e-19,0,1.5757521202916592e-41,1.0976187337816961e-49,1.8075602759346222e-10,3.3130329515139087e-25,5.9885067560189763e-35,0.56786144440930975,1.1357228888186195,1.80756027595664e-10,3.3130350749999996e-25,5.9885105944210277e-35,0.56786180838661193,1.2180915204567044e-11,1.2818973313082113e-06,6.409488709895993e-07,6.4096105216331658e-07,1.2819173162891674e-06,1.0000000000000016
800,1.2484394506866419e-12,2,1.0000000000000007,4.9999999999997708e-10,3.2066818537482224e-19,0,-1.5757521202916592e-41,4.3904580507254011e-49,2.6583488366812423e-10,6.6260531621210234e-25,1.7614360715312489e-34,1.670285552920274,3.3405711058405481,2.6583488367413546e-10,6.6260701499999992e-25,1.7614405875419113e-34,1.6702898352371223,2.2612626401462324e-11,5.1275814517383684e-06,2.5637940123330201e-06,2.5638166250520802e-06,5.1275838510423963e-06,1.0000000000000002
800,1.2484394506866419e-12,3,0.99999999999999911,5.0000000000009185e-10,3.2770437867942765e-19,0,-3.1515042405833185e-41,9.8784672978867397e-49,2.7875505139698512e-10,9.9390478909635697e-25,2.7705598056826462e-34,2.6271893097490873,5.2543786194981745,2.7875505140990144e-10,9.9391052249999988e-25,2.7705757879632952e-34,2.6272044649811743,4.6335741010288888e-11,1.153702868891996e-05,5.7685309825434638e-06,5.7685773182367468e-06,1.1537028075808708e-05,0.99999999999999922
800,1.2484394506866419e-12,4,1.0000000000000007,4.9999999999992527e-10,3.301670463316465e-19,0,-1.5757521202916592e-41,1.7561562054557641e-48,2.8313785746826794e-10,1.325200439728181e-24,3.752144132206437e-34,3.557978763913265,7.1159575278265299,2.8313785749085251e-10,1.3252140299999998e-24,3.7521826117101832e-34,3.5580152521856636,7.9765256979290559e-11,2.0510199599712736e-05,1.0255152383855238e-05,1.0255232148385502e-05,2.0510201048354836e-05,0.99999999999999978
800,1.2484394506866419e-12,5,0.99999999999999922,5.0000000000002836e-10,3.313069096405383e-19,0,3.1515042405833185e-41,2.7439624133564607e-48,2.8514366491386392e-10,1.6564909940462885e-24,4.7233791293916825e-34,4.4789544442164599,8.9579088884329199,2.8514366494889306e-10,1.6565175374999998e-24,4.7234548169486544e-34,4.4790262151055593,1.2284731766334089e-10,3.2047038982648862e-05,1.6023647869929764e-05,1.6023770715457795e-05,3.2047039427986429e-05,1.0000000000000007
800,1.2484394506866419e-12,6,1.0000000000000002,4.9999999999999052e-10,3.3192609464285059e-19,0,1.5757521202916592e-41,3.9512501583087312e-48,2.8622734782487164e-10,1.987775178009005e-24,5.6895561727362963e-34,5.3951339088840786,10.790267817768157,2.8622734787513615e-10,1.9878210449999998e-24,5.6896874576073163e-34,5.3952584000461066,1.7561043406345978e-10,4.6147475843040322e-05,2.3074004126359563e-05,2.307417973287194e-05,4.6147475368101881e-05,1.0000000000000007
800,1.2484394506866419e-12,7,1.0000000000000007,4.9999999999998587e-10,3.322994436651512e-19,0,-3.1515042405833185e-41,5.3780008688995248e-48,2.8687879612331991e-10,2.3190517175991407e-24,6.6528676489255878e-34,6.308596093317794,12.617192186635588,2.8687879619157963e-10,2.3191245524999997e-24,6.6530765983953582e-34,6.3087942301030502,2.3793922916532248e-10,6.2811423428308169e-05,3.1406204889029093e-05,3.1406442820836285e-05,6.2811424013219222e-05,1
800,1.2484394506866419e-12,8,0.99999999999999967,5.0000000000000117e-10,3.3254176153497635e-19,0,-3.1515042405833185e-41,7.0241925977705432e-48,2.8730082063052862e-10,2.6503193388289161e-24,7.6143892097850761e-34,7.2203609866805243,14.440721973361049,2.8730082071955099e-10,2.6504280599999997e-24,7.6147015689612733e-34,7.2206571819428769,3.0985768287096772e-10,8.2038779199961366e-05,4.1020230929647844e-05,4.1020540774778253e-05,8.2038778846803365e-05,1.0000000000000007
800,1.2484394506866419e-12,9,0.99999999999999856,5.0000000000001099e-10,3.3270789386339818e-19,0,-1.5757521202916592e-41,8.8898000219557961e-48,2.8758980138973495e-10,2.9815767677448448e-24,8.5747107046398784e-34,8.1309879148666724,16.261975829733345,2.8758980150230245e-10,2.9817315675e-24,8.5751558963047408e-34,8.1314100688228219,3.914168494734921e-10,0.00010382942485212773,5.1916060064726124e-05,5.1916451461246258e-05,0.00010382942481395945,1.0000000000000016
800,1.2484394506866419e-12,10,0.99999999999999978,4.9999999999999269e-10,3.3282672733517422e-19,0,-4.7272563608749777e-41,1.0974794443271144e-47,2.8779632960686196e-10,3.3128227304326361e-24,9.5341822245669532e-34,9.0408088524948464,18.081617704989693,2.8779632974574512e-10,3.3130350749999996e-24,9.5347933490391938e-34,9.0413883525933851,4.8257446396642961e-10,0.00012818322630808222,6.4093667153067177e-05,6.4094149696873373e-05,0.00012818322630658204,1.0000000000000007
1600,6.2460961898813248e-13,1,0.99999999999999922,4.9999999999992176e-10,2.8267274151203511e-19,0,0,1.097619788619273e-49,1.807560275955226e-10,3.3130345434650586e-25,5.988509633634898e-35,0.56786171727986001,1.13572343455972,1.80756027595664e-10,3.3130350749999996e-25,5.9885105944210277e-35,0.56786180838661193,7.822488015424555e-13,3.2087489954040509e-07,1.6043746260798673e-07,1.604382449654907e-07,3.2094701503339808e-07,0.99999999999999767
1600,6.2460961898813248e-13,2,1.0000000000000004,4.999999999999168e-10,3.2066818537775475e-19,0,0,4.3904749280937606e-49,2.6583488367375325e-10,6.6260658977207287e-25,1.7614394571352132e-34,1.6702887633265335,3.3405775266530671,2.6583488367413546e-10,6.6260701499999992e-25,1.7614405875419113e-34,1.6702898352371223,1.4377689508059494e-12,1.2834992114596436e-06,6.4174981162472279e-07,6.4175124946653814e-07,1.2835116331704195e-06,1.0000000000000004
1600,6.2460961898813248e-13,3,0.99999999999999845,5.0000000000014593e-10,3.2770437868623635e-19,0,-1.5767363502231343e-41,9.8785527392903304e-49,2.7875505140910083e-10,9.9390908735609871e-25,2.7705717874192178e-34,2.6272006714566269,5.2544013429132539,2.7875505140990144e-10,9.9391052249999988e-25,2.7705757879632952e-34,2.6272044649811743,2.8720822504396199e-12,2.887871357690678e-06,1.4439367213467202e-06,1.4439395935659972e-06,2.8878756995848343e-06,0.99999999999999878
1600,6.2460961898813248e-13,4,0.999999999999999,5.0000000000001585e-10,3.3016704634372348e-19,0,3.1534727004462686e-41,1.7561832090374329e-48,2.8313785748943503e-10,1.3252106281785672e-24,3.7521729798470784e-34,3.5580061187507059,7.1160122375014119,2.8313785749085251e-10,1.3252140299999998e-24,3.7521826117101832e-34,3.5580152521856636,5.0063152619284668e-12,5.1339889095374676e-06,2.5669977495102212e-06,2.5670027558383526e-06,5.1339908590448854e-06,1.0000000000000004
1600,6.2460961898813248e-13,5,1.0000000000000009,4.9999999999997532e-10,3.313069096592034e-19,0,0,2.744028339689121e-48,2.851436649466863e-10,1.6565108933203915e-24,4.723435871454857e-34,4.4790082500002146,8.9580165000004293,2.8514366494889306e-10,1.6565175374999998e-24,4.7234548169486544e-34,4.4790262151055593,7.7391260939363575e-12,8.0218484058183483e-06,4.0109322466763307e-06,4.0109399860395107e-06,8.0218434042994197e-06,1
1600,6.2460961898813248e-13,6,1.0000000000000004,5.0000000000007107e-10,3.3192609466990697e-19,0,3.1534727004462686e-41,3.9513868621880393e-48,2.8622734787199473e-10,1.9878095638637115e-24,5.6896545953929663e-34,5.3952272383804898,10.79045447676098,2.8622734787513615e-10,1.9878210449999998e-24,5.6896874576073163e-34,5.3952584000461066,1.0975279597299964e-11,1.1551445398928063e-05,5.7757393791457577e-06,5.7757503545185865e-06,1.1551445023999915e-05,1
1600,6.2460961898813248e-13,7,0.99999999999999978,4.9999999999996167e-10,3.3229944370183935e-19,0,-1.5767363502231343e-41,5.3782541276022205e-48,2.8687879618730564e-10,2.3191063208922139e-24,6.6530242956792963e-34,6.3087446339397673,12.617489267879535,2.8687879619157963e-10,2.3191245524999997e-24,6.6530765983953582e-34,6.3087942301030502,1.4898244774490092e-11,1.5722774443413285e-05,7.8614181226889394e-06,7.8614330209526738e-06,1.5722775876247615e-05,1.0000000000000004
1600,6.2460961898813248e-13,8,1,5.0000000000004573e-10,3.3254176158296075e-19,0,0,7.0246246417815579e-48,2.8730082071396007e-10,2.6504008454914056e-24,7.6146233813065446e-34,7.2205830403306885,14.441166080661377,2.8730082071955099e-10,2.6504280599999997e-24,7.6147015689612733e-34,7.2206571819428769,1.9460138492620217e-11,2.0535829125873077e-05,1.0267967278511123e-05,1.0267986738622338e-05,2.053582734733174e-05,1.0000000000000011
1600,6.2460961898813248e-13,9,0.99999999999999922,4.9999999999994337e-10,3.3270789392401981e-19,0,-4.7302090506694032e-41,8.8904920653791178e-48,2.8758980149524856e-10,2.98169281874896e-24,8.5750444586382152e-34,8.1313043978152511,16.262608795630502,2.8758980150230245e-10,2.9817315675e-24,8.5751558963047408e-34,8.1314100688228219,2.4527594630528088e-11,2.599060202798605e-05,1.2995385453996153e-05,1.2995409981353966e-05,2.599060264263231e-05,0.99999999999999878
1600,6.2460961898813248e-13,10,0.99999999999999978,4.9999999999996818e-10,3.328267274100953e-19,0,-4.7302090506694032e-41,1.0975849213875449e-47,2.8779632973706789e-10,3.3129819217549993e-24,9.5346403756634654e-34,9.041243295260001,18.082486590520002,2.8779632974574512e-10,3.3130350749999996e-24,9.5347933490391938e-34,9.0413883525933851,3.0150586113880478e-11,3.208708474869767e-05,1.6043671074130403e-05,1.6043701224546404e-05,3.2087085080021722e-05,1.000000000000002
