material,symbol,work_function_ev,work_function_j,cutoff_frequency_hz,cutoff_wavelength_nm
Silver,Ag,4.3,6.8893595261999993e-19,1039735374096514.8,288.33534519348899
Aluminium,Al,4.3,6.8893595261999993e-19,1039735374096514.8,288.33534519348899
Gold,Au,5.1,8.1711008333999987e-19,1233174513463308,243.10627143764762
Copper,Cu,4.7,7.5302301798e-19,1136454943779911.5,263.7961668791495
Tin,Sn,4.4,7.0495771896000002e-19,1063915266517364,281.78226916636419
Lead,Pb,4.3,6.8893595261999993e-19,1039735374096514.8,288.33534519348899
Tungsten,W,4.5,7.2097948529999992e-19,1088095158938213.1,275.52044096266729
Nickel,Ni,4.6,7.3700125163999991e-19,1112275051359062.2,269.53086615913105
Sodium,Na,2.4,3.8452239215999995e-19,580317418100380.25,516.60082680500113
