configuration_id,factor_name,factor_value,seed,final_displacement_x_nm,final_displacement_y_nm,final_displacement_nm,total_contacts,total_impulses,total_direction_resets,total_small_wall_impacts,total_large_wall_impacts,maximum_collision_passes,maximum_displacement_nm,maximum_residual_penetration_nm,maximum_normalized_momentum_error,maximum_normalized_restitution_error,maximum_normalized_energy_identity_error
baseline,baseline,1.0,3000,0.25452767405479193,0.6587959772883352,0.7062552488661836,4477,3805,47228,14420,0,10,0.006135921424422786,0.0,3.8091728686461744e-16,1.112237792532792e-15,2.0332652048651995e-15
baseline,baseline,1.0,3001,0.40508892262497476,0.5053563563512498,0.6476743642742656,4519,3778,47212,14353,0,10,0.005818539698050615,0.0,4.71503424910371e-16,9.608623717081834e-16,2.096191245520849e-15
baseline,baseline,1.0,3002,1.054201069639955,-0.3348650985066328,1.1061078290238626,4650,3831,47196,14412,0,10,0.005993525251327569,0.0,3.252279567268145e-16,1.0546038483822973e-15,2.0915820123111526e-15
baseline,baseline,1.0,3003,-1.658205877131794,1.4313708131060103,2.1905408317505026,4360,3721,47223,14271,0,11,0.006203321458007121,0.0,4.846620184798873e-16,1.2437675805118403e-15,2.1242171149851605e-15
baseline,baseline,1.0,3004,-0.35870249210408467,0.665530162658488,0.7560409216768061,4630,3855,47215,14535,0,10,0.006265229408205908,0.0,3.6097853579937097e-16,9.273603280638396e-16,1.629179223562348e-15
baseline,baseline,1.0,3005,0.6055043044445796,0.7003654357132234,0.925822448551928,4660,3817,47190,14276,0,10,0.006270867348856922,0.0,3.657646087548585e-16,9.370506178301487e-16,1.81955532809047e-15
baseline,baseline,1.0,3006,-0.21571580046820937,-0.7640498212147886,0.7939177765171849,4379,3809,47202,14353,0,10,0.006065178478289723,0.0,3.474762308488366e-16,9.945575570816716e-16,1.8143884202878212e-15
baseline,baseline,1.0,3007,-0.2674102717142848,0.13166672016298264,0.29806774165747085,4304,3688,47217,14495,0,10,0.006015435430954279,0.0,3.753632679542327e-16,9.99004542297971e-16,2.4609652146788605e-15
baseline,baseline,1.0,3008,0.012727829313879724,-0.27878371429481685,0.27907410663667337,4597,3780,47216,14408,0,10,0.006120455279214992,0.0,3.679434165619607e-16,9.594259051925902e-16,1.6120415505906838e-15
baseline,baseline,1.0,3009,-0.570310960549171,-1.2538230739327405,1.3774348959020404,4484,3879,47199,14151,0,10,0.006038901966281595,0.0,3.5943425399970266e-16,9.912630055817306e-16,1.9995740292726138e-15
baseline,baseline,1.0,3010,-1.6045705158017847,0.549187086348983,1.6959519438925414,4703,3859,47216,14418,0,10,0.005787523311775141,0.0,4.2456931315849325e-16,9.953841441152594e-16,1.8982000647269992e-15
baseline,baseline,1.0,3011,-0.26311738220620207,-0.39417430222170946,0.4739241894554615,4433,3814,47191,14544,0,10,0.0060223707137789665,0.0,4.090512411980202e-16,1.0274295242943853e-15,1.9748891619025323e-15
baseline,baseline,1.0,3012,-0.9165335019894103,0.3334719977352467,0.9753139153844309,4531,3850,47200,14501,0,10,0.006254146423455389,0.0,4.310070519529603e-16,8.763696091556608e-16,1.663818253615717e-15
baseline,baseline,1.0,3013,1.017936323280038,-1.147204898544981,1.5337123059747817,4587,3761,47230,14596,0,10,0.006463341146831245,0.0,3.9208935459868155e-16,9.456590750204014e-16,1.7353269214432298e-15
baseline,baseline,1.0,3014,-0.07957243287717919,-0.005369717534400742,0.07975340707701734,4456,3816,47199,14428,0,11,0.006275902884031519,0.0,3.6714442235548125e-16,1.0906521169117938e-15,2.2711978983103987e-15
baseline,baseline,1.0,3015,0.8940903217171154,0.860057318987046,1.24060311757282,4317,3784,47196,14492,0,10,0.006178516411539339,0.0,4.068194127178697e-16,1.0250165063021793e-15,1.7819058222431368e-15
baseline,baseline,1.0,3016,-0.9961041801105059,1.6510538480974102,1.9282640760411656,4478,3751,47221,14670,0,10,0.006395929053910023,0.0,3.955746879844934e-16,1.0481209267416025e-15,1.968574126358456e-15
baseline,baseline,1.0,3017,-1.548619335901984,-0.8461773678336835,1.7647203703033076,4368,3737,47210,14542,0,10,0.005990187221723639,0.0,4.03466929447471e-16,8.451467646391399e-16,1.6315207499859673e-15
baseline,baseline,1.0,3018,-0.49521018554002705,-0.6076343648434683,0.7838703012624686,4510,3806,47215,14735,0,10,0.005831651437288523,0.0,4.2389075035110625e-16,1.1047533587691587e-15,1.9593460350146784e-15
baseline,baseline,1.0,3019,0.1895754981126867,-0.9391824056039662,0.9581244493700837,4481,3827,47200,14229,0,10,0.006339583227501151,0.0,3.5922990439902573e-16,1.0798395969435133e-15,1.9769705782861576e-15
baseline,baseline,1.0,3020,-0.46800461081049427,1.5227239275994755,1.5930211785861024,4391,3704,47200,14488,0,10,0.005955618224747171,0.0,3.6387954131743537e-16,9.584464913947322e-16,2.0638271029356125e-15
baseline,baseline,1.0,3021,-0.6495459958247407,0.14405219916764622,0.6653277664256838,4549,3699,47221,14519,0,10,0.006197122626405675,0.0,3.7362251488307626e-16,1.0248314943475985e-15,2.1309790028822346e-15
baseline,baseline,1.0,3022,-0.19898401671667099,0.7901495900848161,0.8148196202963595,4369,3697,47212,14389,0,10,0.005988514302926013,0.0,3.7023047979919587e-16,1.1182903204583868e-15,1.9369195382770753e-15
baseline,baseline,1.0,3023,-0.374450768695306,1.0598572466835936,1.1240599456987306,4348,3685,47202,14607,0,10,0.006486872855364561,0.0,3.9375894919669067e-16,9.361207681614782e-16,1.6490503729340946e-15
baseline,baseline,1.0,3024,0.19590929198299456,1.195072498272662,1.211023834122574,4387,3671,47195,14831,0,10,0.006098102550627175,0.0,3.936199875893574e-16,9.232365212502075e-16,1.9013625809120732e-15
baseline,baseline,1.0,3025,0.0802059241895261,-0.6169399637926363,0.6221317458541683,4622,3843,47192,14233,0,10,0.005669649391700631,0.0,3.9414720016509273e-16,1.026995399099887e-15,2.1891233168199386e-15
baseline,baseline,1.0,3026,-0.4138199000124736,-0.2798619243595688,0.49956942095426005,4649,3863,47181,14567,0,10,0.005923284432020479,0.0,4.623440534085427e-16,1.020894813500366e-15,1.7102600853857586e-15
baseline,baseline,1.0,3027,-0.49233062803288963,1.8202204102242803,1.8856276910080385,4582,3759,47192,14475,0,10,0.006665866562883612,0.0,3.6655570240914415e-16,9.693583860937978e-16,1.9089871148433654e-15
baseline,baseline,1.0,3028,0.44825102482549006,0.6454967807177443,0.7858721748312977,4398,3822,47222,14535,0,10,0.006596897010636973,0.0,4.170273928995975e-16,1.119903730865761e-15,2.002922421135673e-15
baseline,baseline,1.0,3029,-0.14692318288178097,0.034410891641611485,0.15089907598021926,4272,3660,47230,14397,0,10,0.006400341921464539,0.0,4.0793624476609704e-16,9.488310721900304e-16,1.7358128700226127e-15
baseline,baseline,1.0,3030,-1.2746323375616884,-0.7471395226213797,1.4774657566999234,4554,3888,47227,14283,0,10,0.005930329236990058,0.0,3.6499726145241926e-16,1.0429737610088888e-15,1.8548274066602042e-15
baseline,baseline,1.0,3031,-0.6540778122342346,-0.8708601827056004,1.0891350890863605,4475,3807,47203,14352,0,10,0.005851332149715533,0.0,3.988401002982037e-16,9.703566822140287e-16,2.0496302964413917e-15
baseline,baseline,1.0,3032,0.6405605613477192,1.0687974179087707,1.2460520668425379,4682,3932,47224,14269,0,10,0.005978733930080629,0.0,3.8314739248394283e-16,9.822924207608603e-16,1.6537194725460352e-15
baseline,baseline,1.0,3033,-1.2088487972899538,0.111215511613036,1.2139539961352395,4599,3847,47212,14494,0,10,0.006513433123295713,0.0,3.9658386160537323e-16,9.196134357630984e-16,1.664438455208632e-15
baseline,baseline,1.0,3034,-0.37288006251281214,-1.9534248567180912,1.9886951027906852,4754,3940,47197,14464,0,10,0.006161040726747736,0.0,3.913749741549422e-16,9.263647144783934e-16,1.7564904716242733e-15
baseline,baseline,1.0,3035,-0.32966869446038594,-1.0157288528039885,1.0678888287297146,4353,3780,47234,14589,0,10,0.006351395727603945,0.0,4.158310862958477e-16,1.0159075954520088e-15,2.0475815115229766e-15
baseline,baseline,1.0,3036,-0.9940327313914707,-0.43037671040339553,1.0832013589057374,4652,3849,47213,14332,0,10,0.006043622188446061,0.0,3.8221086129177053e-16,9.328628156328907e-16,1.7740205512672923e-15
baseline,baseline,1.0,3037,0.33440676872411323,-1.0047899018272375,1.0589762196491912,4535,3819,47214,14457,0,10,0.006057169767925584,0.0,3.5042583784746854e-16,1.0642941476045355e-15,1.822691039885367e-15
baseline,baseline,1.0,3038,-0.4316900797043868,0.7365163665380123,0.8537052671112763,4639,3852,47201,14473,0,10,0.006270880070214168,0.0,3.7577292901850203e-16,9.520992377917683e-16,1.921180229358202e-15
baseline,baseline,1.0,3039,-1.0528363576499924,0.4790682996552693,1.15670689101617,4760,3881,47193,14390,0,10,0.00616226535266178,0.0,4.1129273558679307e-16,9.211224448847336e-16,1.9300827917175856e-15
baseline,baseline,1.0,3040,0.9832123426356425,0.1597257388324298,0.9961018132483414,4445,3795,47237,14549,0,10,0.005962824687168494,0.0,3.64452910075742e-16,1.0975717424999502e-15,1.6952665052203514e-15
baseline,baseline,1.0,3041,0.4226094810791796,-1.8707515073638445,1.9178920657331346,4612,3872,47212,14606,0,10,0.005806274539558229,0.0,4.2432344606049296e-16,1.212303023733565e-15,2.4475050932209407e-15
baseline,baseline,1.0,3042,1.4316088866035823,-0.5255720996506605,1.525034437687737,4542,3775,47226,14526,0,10,0.0058781143363107035,0.0,4.0579295121423634e-16,9.918524753933208e-16,2.2101195696248822e-15
baseline,baseline,1.0,3043,-1.1422025163362086,0.37247068838323116,1.2013996013106734,4450,3720,47219,14880,0,10,0.006307783742661707,0.0,3.958012347136123e-16,1.0128513047486043e-15,1.7660286945889333e-15
baseline,baseline,1.0,3044,2.6101487611916596,0.5721786673545992,2.672127426401301,4462,3805,47219,14471,0,10,0.006060557799034639,0.0,3.904837583372068e-16,9.67713376702925e-16,1.9459975618532604e-15
baseline,baseline,1.0,3045,1.2965998656250584,-1.3063997837539736,1.8406117479064803,4574,3851,47207,14473,0,10,0.00593848634157745,0.0,4.0004339167002945e-16,1.01750233445897e-15,2.042390865861201e-15
baseline,baseline,1.0,3046,0.8738000439808626,-0.3190224265597035,0.9302160101336673,4611,3846,47202,14448,0,10,0.005933397189683141,0.0,3.588372019838183e-16,1.0831218611498267e-15,2.1140155855980556e-15
baseline,baseline,1.0,3047,-0.7535440945475615,-1.0264680002284985,1.273367683711424,4375,3679,47240,14484,0,10,0.006045844689850459,0.0,3.889383738761794e-16,1.0099049542132171e-15,1.7225638927025184e-15
baseline,baseline,1.0,3048,-0.06367857142287914,-0.7752426347618435,0.7778535229790656,4514,3858,47223,14555,0,10,0.006432232749283776,0.0,3.8803306651201705e-16,1.0629820924073195e-15,1.8424235170119162e-15
baseline,baseline,1.0,3049,0.1682367249100558,1.229090337123198,1.2405509471271539,4487,3777,47210,14489,0,10,0.006572782823605038,0.0,3.5216225070178257e-16,1.0740973279949687e-15,1.865630473849804e-15
baseline,baseline,1.0,3050,-0.1007842558054719,0.5834460156594261,0.5920867498999806,4612,3872,47216,14082,0,10,0.00613473213363125,0.0,3.9937976187537613e-16,1.1204204802319015e-15,2.1883150222254245e-15
baseline,baseline,1.0,3051,-1.20061188859078,0.0683325151299865,1.202554880098829,4370,3697,47215,14497,0,10,0.006023714762454586,0.0,3.829770052371803e-16,9.368058429179074e-16,1.4903934385191628e-15
baseline,baseline,1.0,3052,0.2739427243078527,0.31775212745465353,0.4195366857655795,4632,3861,47213,14283,0,10,0.00633923896648357,0.0,3.9165340407411005e-16,9.838661064571561e-16,1.899436607929348e-15
baseline,baseline,1.0,3053,-0.9877496830773769,1.594793283357074,1.8759037963233336,4593,3854,47199,14408,0,10,0.006060110861071761,0.0,3.6947207950989934e-16,9.859867559795105e-16,1.6907016738080875e-15
baseline,baseline,1.0,3054,0.32110995523935415,-0.7986740468037876,0.8608088268551611,4423,3788,47232,14525,0,10,0.005835816889829672,0.0,3.918289558569423e-16,1.038352952428678e-15,1.78065375205305e-15
baseline,baseline,1.0,3055,1.1190857780771744,0.7823989986497182,1.3654673821745713,4781,3928,47215,14342,0,10,0.006268299291718478,0.0,4.00400928262135e-16,9.60498108160686e-16,1.792939448996782e-15
baseline,baseline,1.0,3056,0.6275288025123373,-1.0920468603112266,1.2595073414228977,4470,3785,47236,14538,0,10,0.006350476630385697,0.0,3.6906414471955854e-16,1.0688288059204757e-15,1.7225387235906178e-15
baseline,baseline,1.0,3057,-1.4572582075120089,1.6275783958169683,2.184631071346201,4610,3796,47191,14576,0,10,0.0062730219379146576,0.0,4.0947236769530465e-16,1.0987128151061932e-15,2.0063348363284176e-15
baseline,baseline,1.0,3058,-1.1828582727753254,1.0231530879929185,1.5639680095649242,4349,3718,47227,14572,0,10,0.006068486734292091,0.0,3.0713510100879606e-16,1.0089971436617653e-15,2.080796486841677e-15
baseline,baseline,1.0,3059,-2.414825193650669,0.5437775682908317,2.4752928634135962,4615,3819,47201,14420,0,10,0.005884979950442926,0.0,4.202354135283487e-16,1.0852316400058007e-15,1.7440693622981556e-15
baseline,baseline,1.0,3060,-1.587361996399851,0.8049940962589446,1.7798127998826945,4200,3604,47203,14677,0,10,0.006085283054679566,0.0,3.9161576423875974e-16,1.0995685616866543e-15,2.014590357978761e-15
baseline,baseline,1.0,3061,-0.6555942822959953,0.32237566302738685,0.7305682248028232,4559,3847,47218,14466,0,10,0.0061913106993433,0.0,4.021003655302874e-16,9.625089296018512e-16,1.795936849200327e-15
baseline,baseline,1.0,3062,-0.784338659261806,-0.2554810213120806,0.8248985905329644,4484,3816,47229,14542,0,10,0.006348287826500298,0.0,3.902806928436382e-16,9.585266815729346e-16,1.8499821625742107e-15
baseline,baseline,1.0,3063,0.9553566385871353,0.20237328606752136,0.9765558119259119,4377,3694,47205,14481,0,10,0.006122643965005501,0.0,3.6244155804459194e-16,9.575557655348245e-16,1.971205598011146e-15
knudsen_30,knudsen_parameter,30.0,3000,0.026069340793585027,0.9800454247463612,0.9803920874301708,4478,3742,23626,14363,0,10,0.007258812795446326,0.0,3.088387784202843e-16,9.686295852502764e-16,1.7700580638564173e-15
knudsen_30,knudsen_parameter,30.0,3001,0.6014673345540764,2.537966061544516,2.6082627712880786,4451,3770,23612,14336,0,10,0.006499686450173573,0.0,4.0811566936233755e-16,1.0729562070693934e-15,1.815177332947292e-15
knudsen_30,knudsen_parameter,30.0,3002,-0.336316296618433,0.4364598897502674,0.5510044344031665,4548,3794,23591,14353,0,10,0.005816684398245028,0.0,4.009648597629679e-16,1.0627831682640774e-15,2.13361790616031e-15
knudsen_30,knudsen_parameter,30.0,3003,-1.1817489965406303,-0.23947235284561863,1.205768509541613,4579,3856,23612,14443,0,10,0.006098903571911283,0.0,3.6412390421893494e-16,1.063631857602232e-15,2.2640131830211693e-15
knudsen_30,knudsen_parameter,30.0,3004,0.4674708147969966,-1.0502928527049384,1.1496277828628036,4478,3722,23602,14527,0,10,0.007272776879524567,0.0,4.211632692434946e-16,8.286402009273037e-16,1.87337330963192e-15
knudsen_30,knudsen_parameter,30.0,3005,0.4348676922370469,1.031681057593353,1.1195872964394131,4737,3783,23588,14389,0,10,0.006476862109054064,0.0,3.902076482800895e-16,1.1163681230575185e-15,2.1265321788597744e-15
knudsen_30,knudsen_parameter,30.0,3006,-0.751526195616556,0.038597274765525214,0.752516692384441,4292,3709,23599,14667,0,10,0.005834747340970806,0.0,3.4071088189844865e-16,1.0881432548453746e-15,1.8673608212552413e-15
knudsen_30,knudsen_parameter,30.0,3007,-1.7429350921990623,0.5192895720185593,1.8186490577420846,4499,3782,23614,14463,0,10,0.005724811652703902,0.0,4.142376277036636e-16,1.0079975139013657e-15,1.994539013712228e-15
knudsen_30,knudsen_parameter,30.0,3008,-0.6421761691505914,1.7074679404683888,1.8242360044556434,4487,3876,23603,14384,0,10,0.00636531701152735,0.0,4.757123600965849e-16,8.328544481725053e-16,1.6360088931759877e-15
knudsen_30,knudsen_parameter,30.0,3009,-1.1338805843464055,0.4106571338332685,1.2059537557990774,4387,3746,23613,14329,0,10,0.006413523322550197,0.0,4.1884987088170605e-16,1.085034095479236e-15,1.8081566306450626e-15
knudsen_30,knudsen_parameter,30.0,3010,-0.11228450731711082,0.6624314561594797,0.671880379750008,4445,3789,23609,14444,0,10,0.006317122072543647,0.0,4.2206226600701046e-16,1.0023768717168113e-15,1.9060650740978164e-15
knudsen_30,knudsen_parameter,30.0,3011,-0.07006283094645216,-1.0748305001781295,1.0771116025711538,4471,3718,23590,14427,0,11,0.006186877849286642,0.0,4.883896222538403e-16,9.115565325375855e-16,1.7968761421340983e-15
knudsen_7.5,knudsen_parameter,7.5,3000,-2.0411683600688986,0.1529073945636732,2.0468876240425624,4101,3629,94441,14418,0,10,0.004310599388497419,0.0,3.661673359348994e-16,1.0024989188103278e-15,2.1171294394556397e-15
knudsen_7.5,knudsen_parameter,7.5,3001,-0.27776336918167477,-0.7870407706167164,0.8346170761924956,4288,3717,94439,14368,0,10,0.004806528244430533,0.0,3.608820174115091e-16,1.0383390561059167e-15,1.9563020958462603e-15
knudsen_7.5,knudsen_parameter,7.5,3002,0.24284974702119477,-0.7470128212033122,0.7854961200861466,4066,3602,94408,14528,0,10,0.004431652676634684,0.0,3.602666887788349e-16,1.0683444632435905e-15,2.028041560682762e-15
knudsen_7.5,knudsen_parameter,7.5,3003,-1.1873158540385953,-0.5350391539444788,1.302300208671189,4040,3660,94432,14336,0,10,0.0045619964077770496,0.0,4.154422634917173e-16,1.116868844677362e-15,1.8150597486861545e-15
knudsen_7.5,knudsen_parameter,7.5,3004,-0.7321209915001354,0.7207287478834026,1.027351485237997,4436,3929,94438,14600,0,10,0.004514613951891015,0.0,3.5588350149034653e-16,9.503301310229165e-16,1.7475338418936327e-15
knudsen_7.5,knudsen_parameter,7.5,3005,0.793062375756346,0.5193228479935996,0.9479684342257833,4250,3742,94394,14551,0,10,0.004881258425124552,0.0,3.6493317459879167e-16,1.1042977287738073e-15,2.222709792473964e-15
knudsen_7.5,knudsen_parameter,7.5,3006,-1.8057162893072736,0.7628784973754374,1.9602537894944712,4089,3622,94399,14837,0,10,0.004339447897383127,0.0,3.6842508765009597e-16,9.470320965080008e-16,1.8957105227420246e-15
knudsen_7.5,knudsen_parameter,7.5,3007,-0.34459189304999693,-0.7264421906068437,0.8040285001475074,4373,3789,94434,14572,0,10,0.005021999979940253,0.0,3.6566783564015834e-16,1.0564975146036613e-15,1.9012661493847225e-15
knudsen_7.5,knudsen_parameter,7.5,3008,-0.0016969052970070564,0.43351675759050146,0.4335200786576887,4480,3936,94420,14368,0,10,0.004888141988706772,0.0,3.823163122655231e-16,1.001180545942285e-15,2.195191490353892e-15
knudsen_7.5,knudsen_parameter,7.5,3009,0.8599365800469272,1.1630926223405034,1.4464699685253455,4283,3752,94428,14422,0,10,0.004560855789708264,0.0,3.702299098259636e-16,1.0669734827382889e-15,2.0189761538276393e-15
knudsen_7.5,knudsen_parameter,7.5,3010,-0.7341359445603004,-1.2161672797042202,1.4205697579909997,4000,3547,94433,14431,0,10,0.004481597756742487,0.0,4.4347360220229945e-16,9.258321197984933e-16,1.816849431423993e-15
knudsen_7.5,knudsen_parameter,7.5,3011,-0.09505690492666918,-0.012027375881248581,0.09581478458373043,4258,3699,94420,14710,0,10,0.004416155833975224,0.0,3.940711870584759e-16,8.882955372498823e-16,1.7978448341516112e-15
mass_ratio_20,mass_ratio,20.0,3000,0.09111558444347523,-0.6673932089732242,0.673584252422853,4344,3772,47228,14387,0,8,0.005616609064702275,0.0,4.1305465089527166e-16,1.2744566829519512e-15,2.262294885267128e-15
mass_ratio_20,mass_ratio,20.0,3001,-0.008376002285070072,0.625297156187445,0.6253532529302023,4426,3782,47212,14388,0,8,0.005384394505171706,0.0,4.68462954460635e-16,1.2561480473790304e-15,2.151614552281201e-15
mass_ratio_20,mass_ratio,20.0,3002,0.5855347101590631,-0.6186594666964647,0.851815961657336,4242,3700,47196,14352,0,8,0.005434454137303953,0.0,3.8359916429354613e-16,1.2624769692821558e-15,2.7131479793561837e-15
mass_ratio_20,mass_ratio,20.0,3003,-1.122159791584087,0.4438948251308492,1.2067664287781579,4049,3581,47223,14265,0,8,0.005355991905225546,0.0,3.9044592570410723e-16,1.1732194043811801e-15,2.5879018115446837e-15
mass_ratio_20,mass_ratio,20.0,3004,0.191892135013628,0.6068716088925576,0.636487031415354,4427,3817,47215,14420,0,8,0.005833385313227123,0.0,4.061152243439863e-16,1.3503598112223098e-15,2.118576225041657e-15
mass_ratio_20,mass_ratio,20.0,3005,0.6510789881321344,1.2218291981644516,1.3844747878796315,4297,3757,47190,14336,0,8,0.005534845189161805,0.0,3.5625780615264465e-16,1.1888756630170795e-15,2.206376569084288e-15
mass_ratio_20,mass_ratio,20.0,3006,0.07363447889404462,0.03946213828573164,0.08354218599055037,4248,3699,47202,14404,0,8,0.005735589679527935,0.0,3.744566291088758e-16,1.1911275745610742e-15,2.3120156327289634e-15
mass_ratio_20,mass_ratio,20.0,3007,-1.558753724749617,0.1420796675552385,1.5652155782362416,4200,3706,47217,14570,0,8,0.005529167646771532,0.0,4.261235236890654e-16,1.34627234223075e-15,2.2738809866131866e-15
mass_ratio_20,mass_ratio,20.0,3008,-0.13663047466827738,-0.10662693571493342,0.17331240586881058,4347,3790,47216,14382,0,8,0.0053249024656316065,0.0,3.665596114455278e-16,1.3071345227630833e-15,2.0049121661644523e-15
mass_ratio_20,mass_ratio,20.0,3009,-1.2798360028764222,-1.5744475380122571,2.0290059744149485,4318,3732,47199,14175,0,9,0.0057088277390417545,0.0,3.96988933213661e-16,1.2006142111258258e-15,2.228996562435542e-15
mass_ratio_20,mass_ratio,20.0,3010,-1.5994740262839242,0.8630249130546748,1.8174512816881603,4418,3805,47216,14377,0,8,0.005689535566442686,0.0,4.386982817835085e-16,1.3370014682360328e-15,2.2414726879790192e-15
mass_ratio_20,mass_ratio,20.0,3011,0.4632136882409341,-0.14235276760880122,0.4845938829779578,4201,3703,47191,14514,0,8,0.005616501540913187,0.0,3.5483309017813606e-16,1.3224807510761575e-15,2.1682075155564485e-15
mass_ratio_5,mass_ratio,5.0,3000,1.0153265292771358,-0.7618213236842308,1.2693540444942648,5040,4109,47228,14378,0,13,0.006211519396762425,0.0,4.17237981575336e-16,1.2219493095004568e-15,2.2776063266781377e-15
mass_ratio_5,mass_ratio,5.0,3001,-0.16598396622411382,0.9313249244241,0.9460004185501417,5083,4097,47212,14198,0,14,0.006110845209185365,0.0,3.3659632329380323e-16,1.1383823075253228e-15,2.0071026124283913e-15
mass_ratio_5,mass_ratio,5.0,3002,1.6100897746837646,-0.8959569428250536,1.8425872912667212,4983,4025,47196,14378,0,13,0.006699694177371912,0.0,3.697831937434683e-16,1.1556350752207449e-15,2.512813433741929e-15
mass_ratio_5,mass_ratio,5.0,3003,-1.2422233873577602,0.19616571360746882,1.2576167664649336,4868,3950,47223,14302,0,14,0.006208336702532139,0.0,4.058938897058307e-16,1.2479516218842507e-15,2.1661925992989288e-15
mass_ratio_5,mass_ratio,5.0,3004,0.49183565303179577,1.590790205318763,1.6650873211130175,5257,4142,47215,14459,0,14,0.006497958154216179,0.0,3.7735008278494843e-16,1.3169138282210972e-15,2.328533897195078e-15
mass_ratio_5,mass_ratio,5.0,3005,0.6684599137001559,0.6055101913567302,0.9019319531211232,5051,4005,47190,14247,0,14,0.006565515391611989,0.0,3.5614491173335505e-16,1.1990717315083818e-15,2.237058697299948e-15
mass_ratio_5,mass_ratio,5.0,3006,-0.0726327181422759,0.24183274683484157,0.2525046320098304,5214,4015,47202,14441,0,14,0.005994634640622161,0.0,3.9221265857682253e-16,1.220337237789415e-15,2.3272775154634253e-15
mass_ratio_5,mass_ratio,5.0,3007,-0.9404597197705202,-0.3466496088184039,1.0023125439725864,4861,3940,47217,14585,0,14,0.006292111037906219,0.0,3.9156598243778166e-16,1.1746069839094522e-15,2.4963681407915185e-15
mass_ratio_5,mass_ratio,5.0,3008,0.24023994291706607,-0.02673595184022748,0.24172306735931953,5212,4066,47216,14392,0,14,0.006130916922203871,0.0,3.9493995545616037e-16,1.2137227018574864e-15,2.1643839550375387e-15
mass_ratio_5,mass_ratio,5.0,3009,-1.121371155194539,0.37694249326461104,1.1830295477843635,4923,4026,47199,14109,0,14,0.006331505872087086,0.0,3.8522388698387406e-16,1.2109254932381669e-15,2.4059588747465192e-15
mass_ratio_5,mass_ratio,5.0,3010,-1.7256594509356917,-1.7084637538149114,2.428322247705813,5155,4065,47216,14373,0,14,0.006836588347193621,0.0,3.50054997137606e-16,1.4033583452238772e-15,2.695641913190154e-15
mass_ratio_5,mass_ratio,5.0,3011,-0.16729915441376608,0.42504245502728466,0.4567823285145589,4999,4063,47191,14417,0,14,0.006334545827723154,0.0,3.6324561411658163e-16,1.1983983035707061e-15,2.3172939718572207e-15
particle_count_250,particle_count,250.0,3000,-1.1099547888028605,-2.931138892247977,3.134258259753829,910,861,11807,3545,21,10,0.006076760256517985,0.0,3.4525775741095557e-16,8.57314491222038e-16,1.5472317192299232e-15
particle_count_250,particle_count,250.0,3001,2.269153047471505,1.7965182014268688,2.894224110345854,999,932,11796,3647,0,10,0.005662053681762016,0.0,3.4678950688973794e-16,9.651073313444976e-16,1.6849233032499854e-15
particle_count_250,particle_count,250.0,3002,-0.9100397066153523,-0.034694578287544076,0.9107008188088485,1126,1061,11795,3544,0,10,0.005770123032790438,0.0,3.127308696497166e-16,9.341118350066475e-16,1.8118268163454132e-15
particle_count_250,particle_count,250.0,3003,-0.6959016892989727,-1.554837850827803,1.7034670244932788,1083,1023,11805,3599,0,10,0.005630669040365181,0.0,3.731865564034313e-16,7.826076791023699e-16,1.2843886413228196e-15
particle_count_250,particle_count,250.0,3004,-0.10600949327665798,2.7977424347326956,2.7997501216660043,1008,961,11797,3669,0,9,0.005562722391166262,0.0,3.067579768599195e-16,8.472741464449639e-16,1.436230452570624e-15
particle_count_250,particle_count,250.0,3005,-1.1051022567814384,-0.945309431479834,1.4542561394706763,1008,940,11794,3637,0,10,0.005362107942179696,0.0,3.503566351835522e-16,8.745345654285834e-16,1.5459379805601822e-15
particle_count_250,particle_count,250.0,3006,-1.5070980251275543,0.3382564231987413,1.544591164411664,1002,969,11798,3553,0,10,0.005947342590563599,0.0,3.1861418810408774e-16,9.546925720342678e-16,1.8943573802612103e-15
particle_count_250,particle_count,250.0,3007,-1.2642219208096552,0.5857422749293448,1.3933237519309927,959,933,11806,3513,0,10,0.00580214974714047,0.0,2.6627398516106036e-16,8.680630509966274e-16,1.77678382020423e-15
particle_count_250,particle_count,250.0,3008,0.03908893456445206,1.0299961365176369,1.0307375932052942,1012,939,11819,3571,0,10,0.005704386869932244,0.0,3.2683060743915606e-16,9.327222304982125e-16,2.002018118111856e-15
particle_count_250,particle_count,250.0,3009,-0.07035639499467106,3.067956964738496,3.068763588125369,1035,975,11802,3544,0,10,0.005921050631441125,0.0,3.0875121458467205e-16,9.451214379221183e-16,1.5112464805439792e-15
particle_count_250,particle_count,250.0,3010,-0.08501583836101823,3.1125744624552567,3.1137352933576192,885,854,11805,3633,23,9,0.006231036409001459,0.0,4.354173539653905e-16,9.562049499152461e-16,1.6940465177248297e-15
particle_count_250,particle_count,250.0,3011,1.4030329657876397,0.07251137271325447,1.4049054780516805,1004,966,11797,3780,0,10,0.005804562900956227,0.0,3.3197098686816405e-16,8.789991958360139e-16,2.0158230969177874e-15
particle_count_500,particle_count,500.0,3000,-0.6269119412227013,-1.4127919280716403,1.5456389015782435,1993,1805,23612,7248,0,10,0.006108206334742406,0.0,3.715414750813968e-16,8.937184180713792e-16,1.8430997712057616e-15
particle_count_500,particle_count,500.0,3001,-0.7554266680549242,-0.7348875450163046,1.0539113599485754,1997,1834,23608,7259,0,10,0.005654868205714139,0.0,3.130868132944746e-16,9.303864137774681e-16,1.7472327582757215e-15
particle_count_500,particle_count,500.0,3002,0.5615754476357413,-0.3159883688323726,0.6443722779765023,2155,1932,23597,7187,0,10,0.005826388137546823,0.0,4.07762104940246e-16,8.904538823969704e-16,1.7714049379205726e-15
particle_count_500,particle_count,500.0,3003,0.5081646758191987,0.3910689697441647,0.6412224862301646,2125,1942,23612,6982,0,10,0.005997429559648845,0.0,4.3464594529971514e-16,1.0189854635305654e-15,1.6399502886094714e-15
particle_count_500,particle_count,500.0,3004,0.18400179993704846,-0.8253301270686473,0.8455923846790622,2038,1874,23604,7311,0,10,0.006205451570130791,0.0,3.8538599094789824e-16,8.921493398545652e-16,1.986117403870165e-15
particle_count_500,particle_count,500.0,3005,-1.0806150799079042,1.6761118907576158,1.994261773505032,2257,2092,23591,7237,0,10,0.006011015623332049,0.0,3.7922676829055754e-16,1.1254945610480518e-15,1.524555658510025e-15
particle_count_500,particle_count,500.0,3006,-2.39697835607104,-2.2874033121797384,3.3132641234957205,2180,2001,23596,7125,0,10,0.0060404102744188596,0.0,3.5635430890354263e-16,9.58238064149321e-16,1.98508963387945e-15
particle_count_500,particle_count,500.0,3007,0.43731497484694515,0.9840542415874154,1.0768505641970791,2133,1963,23611,7266,0,10,0.006056724424386349,0.0,4.0870845370878934e-16,8.94120927665951e-16,1.5516492272252173e-15
particle_count_500,particle_count,500.0,3008,-0.709375914025081,-0.17298398984876684,0.7301627545574463,2069,1881,23617,7068,0,10,0.006025054276637126,0.0,3.1290976765231453e-16,9.697149889294256e-16,1.6220545120163922e-15
particle_count_500,particle_count,500.0,3009,0.6783459849011031,0.3675118890661828,0.771503897486229,2154,1965,23598,7080,0,10,0.006478336491794494,0.0,3.2999593164322643e-16,9.101413375378215e-16,1.931248009621052e-15
particle_count_500,particle_count,500.0,3010,-0.12436672502868173,-0.6675181020144487,0.6790047855584905,2155,1908,23608,6979,0,10,0.006572272887163463,0.0,3.4729900217197194e-16,9.428742497002655e-16,1.7204186104285924e-15
particle_count_500,particle_count,500.0,3011,2.3627321774214227,-0.4081223431054122,2.3977212492623967,1892,1738,23603,7350,0,10,0.005895172406197043,0.0,3.9904487556814554e-16,8.860972222250987e-16,1.7721516881075092e-15
restitution_0.5,restitution,0.5,3000,0.12075638941466416,0.1497947757027287,0.1924073294141801,5052,4247,47228,14064,0,10,0.004080293694085326,0.0,3.525827579661081e-16,8.391622140186954e-16,9.055974930110709e-16
restitution_0.5,restitution,0.5,3001,0.3338532135594079,1.2656498850438904,1.3089414042330376,5176,4265,47212,13897,0,10,0.003974813321445462,0.0,5.064252117244147e-16,8.226280470019088e-16,1.0566893487610823e-15
restitution_0.5,restitution,0.5,3002,0.7242441463712463,-0.9865673837544664,1.2238646927831311,5069,4180,47196,14128,0,10,0.00388718133591663,0.0,3.5749005033934766e-16,8.482209143865035e-16,1.2386076938615422e-15
restitution_0.5,restitution,0.5,3003,-0.9115208547280718,0.7993719142142908,1.2123801903028661,4999,4109,47223,13885,0,10,0.003994902019863509,0.0,3.5277269415707236e-16,8.014817773716653e-16,1.0564307703038784e-15
restitution_0.5,restitution,0.5,3004,0.10343271556846823,2.094424318931898,2.096976765341765,5193,4254,47215,14133,0,10,0.004135078929447022,0.0,4.466889297314578e-16,9.28109311822508e-16,1.0364801433436396e-15
restitution_0.5,restitution,0.5,3005,0.5244275579003101,1.1131174840975344,1.230469340084875,5159,4262,47190,13921,0,10,0.004229102518960522,0.0,4.186173077549757e-16,7.915875202765113e-16,1.3698053246823949e-15
restitution_0.5,restitution,0.5,3006,-0.728362970880128,0.005470734160304858,0.7283835159320802,5003,4175,47202,14018,0,10,0.003806777763437873,0.0,3.552477614578719e-16,7.370886777590093e-16,9.37320561571428e-16
restitution_0.5,restitution,0.5,3007,-2.532879050302586,1.5774671507702784,2.9839368115328835,5197,4188,47217,14175,0,10,0.003989243441224966,0.0,3.43744799843936e-16,7.18877993339211e-16,1.1838347525508477e-15
restitution_0.5,restitution,0.5,3008,-0.21683435100816428,0.32908483557769586,0.3940989276619906,5139,4303,47216,13931,0,10,0.003926986107153638,0.0,3.385127289822273e-16,6.748733119880789e-16,9.62531369118612e-16
restitution_0.5,restitution,0.5,3009,-0.3016878123897557,-1.1478053118104379,1.1867908703578625,5211,4262,47199,13813,0,10,0.003974178691775851,0.0,3.621824603572391e-16,8.431925848164316e-16,1.3164335719185337e-15
restitution_0.5,restitution,0.5,3010,-1.807670926728333,-1.2545013656539306,2.2003290335234973,5355,4373,47216,13995,0,10,0.00391631364636181,0.0,4.0523824305120746e-16,7.952577052003703e-16,1.1207232340574337e-15
restitution_0.5,restitution,0.5,3011,0.5778939855805252,-1.3930479185347728,1.5081591301663786,5202,4248,47191,14177,0,10,0.003868531255314221,0.0,4.2977886676823e-16,6.657169110861028e-16,1.0723893226752214e-15
restitution_0.8,restitution,0.8,3000,0.08444093839226774,-0.12539107562930507,0.15117272877090254,4594,3931,47228,14269,0,10,0.005011691404222369,0.0,3.848120148989756e-16,9.724454411278602e-16,1.3786629586891168e-15
restitution_0.8,restitution,0.8,3001,0.10846925596936074,1.2611171039910776,1.2657732535764015,4757,4031,47212,14226,0,10,0.005012494327183701,0.0,4.257481170490887e-16,1.0067287660622747e-15,1.6516445743016008e-15
restitution_0.8,restitution,0.8,3002,1.0465249364892841,0.05626010197156184,1.0480360880083046,4706,3961,47196,14250,0,10,0.004949934359225451,0.0,3.7400833964399796e-16,9.399465084202741e-16,1.5638843580127484e-15
restitution_0.8,restitution,0.8,3003,-2.170175293235795,0.3590169874596043,2.1996713392358505,4428,3838,47223,14235,0,10,0.005230016077461228,0.0,4.0458345125756787e-16,9.459803327335657e-16,1.3581466785607217e-15
restitution_0.8,restitution,0.8,3004,1.2284548767063335,0.028212183099727284,1.2287787886266694,4643,3923,47215,14204,0,10,0.004890356779331414,0.0,4.006670175181277e-16,9.2185798961701e-16,1.5757151468744993e-15
restitution_0.8,restitution,0.8,3005,-0.1256027771825634,0.5983360291390394,0.6113771842339605,4860,3954,47190,14114,0,10,0.0054390647586387685,0.0,4.177398393535999e-16,9.769010177377983e-16,1.500848058827712e-15
restitution_0.8,restitution,0.8,3006,-0.8532670074012261,0.2511438665054673,0.8894592894577918,4765,3926,47202,14186,0,10,0.004926111146426869,0.0,4.177106744524739e-16,9.046740231951405e-16,1.4222433551212465e-15
restitution_0.8,restitution,0.8,3007,-1.4614880526859597,0.012462467617092798,1.461541186981368,4646,3844,47217,14390,0,10,0.005257072228597266,0.0,3.922961454396697e-16,9.878432569788953e-16,1.8665198930536615e-15
restitution_0.8,restitution,0.8,3008,0.20543978352403158,0.4709028675239999,0.5137655256016375,4659,3970,47216,14209,0,10,0.005275299340724228,0.0,3.768152288054306e-16,9.430338660677297e-16,1.565818126358015e-15
restitution_0.8,restitution,0.8,3009,-0.25842145858043875,-1.4834183570572845,1.5057595001557769,4570,3839,47199,14062,0,10,0.004998598360191224,0.0,3.9234178936405776e-16,9.778752396372458e-16,1.5855005568268347e-15
restitution_0.8,restitution,0.8,3010,-1.4654340115097915,1.1416300435010278,1.8576372084758204,4754,4010,47216,14323,0,10,0.004968182174439955,0.0,4.182100189166845e-16,9.37451206379424e-16,1.5144862367830905e-15
restitution_0.8,restitution,0.8,3011,-0.16684997735707796,0.4666890052051951,0.4956183436107586,4740,3954,47191,14327,0,10,0.00558674604931955,0.0,3.4178847822392025e-16,9.886955985282043e-16,1.7000388543800481e-15
time_step_half,time_step_factor,2.0,3000,-1.1183825932459115,-0.7272707220262298,1.3340548444468103,4273,3909,47229,14462,0,10,0.003131818016185902,0.0,3.7821116788963617e-16,1.0804375393432344e-15,1.9855654479551484e-15
time_step_half,time_step_factor,2.0,3001,0.5723066755299353,1.49757023011359,1.603200400754253,4063,3777,47212,14354,0,10,0.0029237914966387143,0.0,4.3145432341658e-16,1.0372767087379363e-15,1.8100030471476644e-15
time_step_half,time_step_factor,2.0,3002,1.2461237291170981,-0.6796821233738415,1.4194337381867026,4267,3853,47196,14293,0,10,0.003258617771812156,0.0,4.10327740163056e-16,1.046128390064578e-15,1.9384754916893353e-15
time_step_half,time_step_factor,2.0,3003,-1.1709897601642467,0.20334622644712042,1.1885144955867402,4148,3738,47224,14217,0,10,0.0030002828559821293,0.0,3.6856323237289683e-16,1.0596717893696067e-15,2.0869004708917717e-15
time_step_half,time_step_factor,2.0,3004,1.0556996420271592,0.725280564901924,1.280833178833499,4067,3741,47215,14460,0,10,0.0029321765692110536,0.0,3.84653100952221e-16,1.0005459801593089e-15,2.2227573405539716e-15
time_step_half,time_step_factor,2.0,3005,1.9870930903391955,0.4796697733642574,2.0441678113973647,4061,3730,47190,14454,0,10,0.003264985115762935,0.0,3.3317487515985005e-16,1.031923315907509e-15,1.937526839468117e-15
time_step_half,time_step_factor,2.0,3006,-0.034068925705547315,-1.0013903176634376,1.0019696901647328,4123,3793,47203,14490,0,10,0.002998323563370644,0.0,3.482166612403096e-16,1.02316826338115e-15,1.950387177617944e-15
time_step_half,time_step_factor,2.0,3007,-0.9808792377559117,0.2014631335760857,1.0013548188583876,3885,3662,47220,14685,0,10,0.003096746993915699,0.0,4.0837137022423294e-16,1.2203283351892623e-15,2.462410298154286e-15
time_step_half,time_step_factor,2.0,3008,0.30300096426326917,-0.2837876844630127,0.41514459432509704,4210,3870,47217,14368,0,10,0.0032021596871759763,0.0,3.8852673684702736e-16,1.0931131432701826e-15,2.1568078869907662e-15
time_step_half,time_step_factor,2.0,3009,0.1394893404356825,-0.1017577404002008,0.17266126904009593,4307,3893,47201,14154,0,10,0.0033430270929334983,0.0,3.588164784556349e-16,9.69855063031018e-16,1.9720154858272067e-15
time_step_half,time_step_factor,2.0,3010,-1.9420911049545597,0.17655354135982648,1.9500997443490726,4133,3773,47216,14509,0,10,0.003053466535139533,0.0,3.8435566499002943e-16,9.289504024381655e-16,1.9866360624952323e-15
time_step_half,time_step_factor,2.0,3011,-0.12564961703528077,0.4833443741878263,0.49940926134797914,4337,3932,47191,14440,0,10,0.00334048797617521,0.0,3.6478109141475176e-16,1.0219601323328371e-15,2.2995550308710515e-15
time_step_half,time_step_factor,2.0,3012,-1.068733771069403,0.6237007824470755,1.2374144574269856,4218,3875,47201,14489,0,10,0.003032470063353939,0.0,4.04609599255686e-16,9.200641733967144e-16,2.0679200361377617e-15
time_step_half,time_step_factor,2.0,3013,0.7367417205018256,-1.3749467529394366,1.5598932451122065,4229,3773,47230,14525,0,10,0.00327042034945547,0.0,5.103104696872019e-16,1.259290942154117e-15,2.544486840594304e-15
time_step_half,time_step_factor,2.0,3014,-2.0717051393142265,-0.08625739798132237,2.0735000658228797,3991,3726,47200,14413,0,10,0.003184869510898057,0.0,3.6758015387468383e-16,1.0017540003572148e-15,1.9146727643933986e-15
time_step_half,time_step_factor,2.0,3015,0.6208936693274953,0.6247346140650532,0.8807963933974594,4091,3745,47197,14508,0,10,0.002929294389779037,0.0,3.6655623113101584e-16,9.990452864571403e-16,1.901060252462401e-15
time_step_half,time_step_factor,2.0,3016,0.46825360948316863,1.5857187425564945,1.6534102253491012,4099,3758,47222,14726,0,10,0.002802013688708462,0.0,3.6058552657052856e-16,1.0135432140282284e-15,2.034269472793527e-15
time_step_half,time_step_factor,2.0,3017,-0.6593175400194866,-0.70303341967095,0.9638234318336412,4116,3769,47212,14407,0,10,0.00318446389894256,0.0,4.1108823337621336e-16,1.0053500350988723e-15,1.8299513494831614e-15
time_step_half,time_step_factor,2.0,3018,-1.5510934232503066,0.6620349588000511,1.6864700099093788,4007,3676,47215,14628,0,10,0.0032037934615262885,0.0,3.9466762130996595e-16,1.0020012733917539e-15,1.8490688816019206e-15
time_step_half,time_step_factor,2.0,3019,1.5997731608205772,-0.7815146182555139,1.780460408048694,4254,3844,47202,14136,0,10,0.0033603110789534115,0.0,3.7057636278644887e-16,1.0698602563596727e-15,1.8791876768502154e-15
time_step_half,time_step_factor,2.0,3020,0.08946349081884009,0.43915383195794355,0.44817385500811896,4084,3727,47201,14506,0,10,0.0032204705783414047,0.0,3.890207290480644e-16,9.504810028094516e-16,1.6914301042308109e-15
time_step_half,time_step_factor,2.0,3021,-0.4783664839842956,-0.03454266216369817,0.47961201872852677,4158,3761,47221,14614,0,10,0.0029455547237673342,0.0,4.0894610265795666e-16,9.756539826017286e-16,1.6157739537975753e-15
time_step_half,time_step_factor,2.0,3022,-1.319980406272581,0.22084471320810373,1.3383275609115646,4078,3713,47214,14411,0,10,0.003007340230940524,0.0,3.3441291476630953e-16,9.91167566217871e-16,1.8903004235168235e-15
time_step_half,time_step_factor,2.0,3023,0.3149442873404258,-1.6402366452714832,1.6701994361811459,4166,3793,47202,14523,0,10,0.0030855529192085757,0.0,3.8915878797699763e-16,9.537636910242253e-16,1.6402647625469838e-15
time_step_half,time_step_factor,2.0,3024,-0.38382796959403187,-0.8410461062010395,0.9244903801547139,4128,3771,47195,14637,0,10,0.0031877148412104758,0.0,3.9691170799823726e-16,9.63370204130153e-16,1.845197056869052e-15
time_step_half,time_step_factor,2.0,3025,-0.7337421414187277,0.3507155503680295,0.8132520687730773,4237,3860,47193,14154,0,10,0.0030544973261409404,0.0,3.9602576960097145e-16,1.0732752650558346e-15,1.9892502133081853e-15
time_step_half,time_step_factor,2.0,3026,1.0250080837486344,1.0041549872891498,1.4349107325014054,4295,3832,47181,14641,0,10,0.0030255287559447022,0.0,3.8298454278461237e-16,9.541505470036669e-16,1.8625669192472074e-15
time_step_half,time_step_factor,2.0,3027,0.0015222618391437237,-0.9026997757516213,0.9027010592788369,4092,3712,47193,14608,0,10,0.003141042831829428,0.0,4.3039534225568337e-16,1.034071682951537e-15,2.0034636195771076e-15
time_step_half,time_step_factor,2.0,3028,-0.32292938308250907,1.3812478296876645,1.4184953131663611,4115,3810,47222,14497,0,10,0.002948247637147294,0.0,4.3415269579102655e-16,1.0878822929429667e-15,2.263152261265759e-15
time_step_half,time_step_factor,2.0,3029,0.5521371439518781,0.021537509850988457,0.5525570468846799,4120,3694,47230,14400,0,10,0.0032040066385312384,0.0,4.682494470945101e-16,1.004667726363216e-15,1.829900761799929e-15
time_step_half,time_step_factor,2.0,3030,-0.3915124970915036,-1.111004874976416,1.1779702320518064,4054,3755,47227,14536,0,10,0.003087427828607197,0.0,3.780278181997255e-16,9.30326869467638e-16,2.0277712249541755e-15
time_step_half,time_step_factor,2.0,3031,0.21129011547513876,-0.1559679096030271,0.26262045183769583,4174,3794,47203,14464,0,10,0.003053797070166418,0.0,4.1929491266315054e-16,1.0037244326748738e-15,1.968003492058042e-15
time_step_half,time_step_factor,2.0,3032,0.016230722444609214,-0.8011005811409913,0.8012649857915344,4247,3882,47224,14416,0,10,0.002985004649096474,0.0,3.708348973356834e-16,1.0030026772567595e-15,1.800695769760695e-15
time_step_half,time_step_factor,2.0,3033,-0.7239398200056266,1.3843026742968334,1.5621724479247303,4108,3717,47213,14483,0,10,0.003056633855323586,0.0,4.202015673624424e-16,1.0285019274318962e-15,1.6776171535199947e-15
time_step_half,time_step_factor,2.0,3034,-1.5308348255413975,-0.7688236227721195,1.7130513786874015,4071,3714,47198,14559,0,10,0.0030926908411507874,0.0,3.826126903593571e-16,9.80501862828567e-16,1.7536267323115327e-15
time_step_half,time_step_factor,2.0,3035,1.3840559213992218,-1.258433240099028,1.8706322496274852,4030,3705,47236,14428,0,10,0.003062759350107894,0.0,3.6878055585819004e-16,1.0512993615298763e-15,1.916418621641046e-15
time_step_half,time_step_factor,2.0,3036,-0.22677875811585047,-0.8771742825203566,0.9060150810266183,4042,3784,47214,14447,0,10,0.0031354950138727643,0.0,3.534079091363425e-16,1.030514210758262e-15,2.302963092993737e-15
time_step_half,time_step_factor,2.0,3037,-8.878910955179009e-05,0.1435235839748472,0.14352361143899284,4164,3841,47216,14324,0,10,0.003039256918506924,0.0,3.608792103187768e-16,8.811494698094329e-16,1.870739074416559e-15
time_step_half,time_step_factor,2.0,3038,-0.3829458210100052,0.15720507354298086,0.4139576511875109,4157,3765,47201,14426,0,10,0.0031282006671403432,0.0,3.750587600744995e-16,1.0699993735084578e-15,1.675146529434405e-15
time_step_half,time_step_factor,2.0,3039,-0.07909335570458786,-0.5796172240857587,0.5849887908101257,4108,3780,47193,14602,0,10,0.003244567651165542,0.0,3.731978227445698e-16,1.1747541371764028e-15,2.1737389002384023e-15
time_step_half,time_step_factor,2.0,3040,0.9178823589750422,-0.0733100452247335,0.9208052930171724,4065,3746,47237,14567,0,10,0.0030373563909119154,0.0,3.6954601220519606e-16,1.0758198136601135e-15,1.859625113366277e-15
time_step_half,time_step_factor,2.0,3041,0.2888849889100058,0.9007120441586913,0.9459052401324684,4077,3747,47214,14689,0,10,0.0032704737973666682,0.0,3.527155360705043e-16,1.0475832966973882e-15,1.957052075222666e-15
time_step_half,time_step_factor,2.0,3042,0.9727169380309828,0.034479744234342746,0.9733278452273091,4080,3764,47226,14462,0,10,0.002979906427090666,0.0,3.9321873590078704e-16,9.83491175772908e-16,1.8730434454616405e-15
time_step_half,time_step_factor,2.0,3043,-1.6806003882316332,0.19399580052546916,1.6917600407699178,3945,3648,47220,14810,0,10,0.003044318475466338,0.0,3.703595340046447e-16,9.92687185904588e-16,2.142577906467094e-15
time_step_half,time_step_factor,2.0,3044,0.014071569879689605,1.1019283504425719,1.1020181934015274,4231,3888,47221,14339,0,10,0.0029089521610478554,0.0,4.054356843392676e-16,1.078263655128664e-15,1.8476238161997765e-15
time_step_half,time_step_factor,2.0,3045,1.9629356108568832,-0.47343185071358374,2.0192211195508465,4206,3834,47207,14516,0,10,0.0028389240942631126,0.0,3.828536616956384e-16,9.549520170378692e-16,1.834735492923546e-15
time_step_half,time_step_factor,2.0,3046,0.2876235354783123,-0.5532915238204339,0.6235854460237039,4155,3770,47203,14531,0,10,0.0030844055066693503,0.0,3.5544412714722526e-16,1.0999361757393303e-15,2.099934568221223e-15
time_step_half,time_step_factor,2.0,3047,-0.6213285413664043,-1.64245794689933,1.756051611897915,4199,3857,47241,14458,0,10,0.0031295174393615515,0.0,3.6774895286078e-16,1.0555963688137771e-15,1.976172209859008e-15
time_step_half,time_step_factor,2.0,3048,-1.5774661799700143,-0.5919043647382152,1.6848591412771987,3958,3625,47223,14636,0,10,0.0032167425083449064,0.0,4.1721455196124695e-16,9.684416467636815e-16,2.0014609213947493e-15
time_step_half,time_step_factor,2.0,3049,-0.07828183589816273,1.8133496216559504,1.8150385384865428,4189,3801,47211,14422,0,10,0.003159242371084557,0.0,3.89154409565873e-16,9.500524702169944e-16,1.9518431329030527e-15
time_step_half,time_step_factor,2.0,3050,1.082144165633716,-1.3761517516065664,1.750665484512936,4314,3929,47216,13955,0,10,0.003299487356566628,0.0,3.6162500376038184e-16,9.329220601836612e-16,1.8038752767491225e-15
time_step_half,time_step_factor,2.0,3051,0.38913576731389554,-1.0631923067905635,1.13216806465366,4204,3810,47216,14322,0,10,0.0031177413259174253,0.0,4.053305198965304e-16,9.4366534425367e-16,1.813562679640905e-15
time_step_half,time_step_factor,2.0,3052,-1.0804819238455616,1.949595348052986,2.2289825501575486,4298,3866,47214,14383,0,10,0.002953741201920292,0.0,3.785020603659621e-16,1.1531881686817095e-15,2.0600595685340096e-15
time_step_half,time_step_factor,2.0,3053,-0.9582559722564454,0.8661498942453623,1.2916927450699711,4195,3804,47200,14559,0,10,0.003074981753392374,0.0,3.7066674902348014e-16,9.369394061233402e-16,2.137385528679326e-15
time_step_half,time_step_factor,2.0,3054,0.8709515008811302,-0.8912759446903031,1.246165850306726,4194,3856,47232,14574,0,10,0.003005250849612671,0.0,4.038169461342987e-16,1.0347539152096112e-15,2.1379059294114553e-15
time_step_half,time_step_factor,2.0,3055,2.5206866082146124,-0.5227427907499189,2.574319522148232,4195,3866,47216,14547,0,10,0.003086624566106128,0.0,3.7792765093184933e-16,9.524898176942716e-16,1.7044254041569375e-15
time_step_half,time_step_factor,2.0,3056,0.8138518696438268,-1.4866113668409007,1.6948062490276945,4117,3773,47236,14390,0,10,0.0029250564275345387,0.0,3.5236732695088525e-16,9.180457394622043e-16,1.8438931468327545e-15
time_step_half,time_step_factor,2.0,3057,1.2966759238855925,-0.1737970586288009,1.3082713285754517,4272,3853,47191,14497,0,10,0.003208903610303643,0.0,4.3869508196682347e-16,9.428799625082164e-16,1.7633286881244509e-15
time_step_half,time_step_factor,2.0,3058,0.047843752273124096,1.0421259138274994,1.043223583371452,4224,3795,47228,14507,0,10,0.0030615501878957824,0.0,3.538451352467651e-16,1.0281376996091995e-15,1.6860027526779992e-15
time_step_half,time_step_factor,2.0,3059,-1.4434501648186675,0.8149858298883768,1.6576339406617748,4212,3820,47202,14479,0,10,0.0032143887833644387,0.0,3.362336293471998e-16,1.060214192929434e-15,1.7618363878575736e-15
time_step_half,time_step_factor,2.0,3060,-1.8175335488439055,0.5660388086872956,1.9036355045315934,4157,3746,47203,14538,0,10,0.0029856144248935645,0.0,3.808481446783336e-16,1.0567851311649817e-15,1.964799704211657e-15
time_step_half,time_step_factor,2.0,3061,-0.6211649086425011,-0.5195910129231427,0.8098275522846479,4278,3846,47218,14493,0,10,0.002994711468514626,0.0,3.851220491378859e-16,8.986847098701071e-16,1.7531162222375435e-15
time_step_half,time_step_factor,2.0,3062,0.1702552647527824,-0.30413309879224837,0.34854525811867754,4140,3785,47230,14503,0,10,0.003129984959591188,0.0,3.6393131407739975e-16,9.464633818491148e-16,1.8085332348904844e-15
time_step_half,time_step_factor,2.0,3063,0.791444547363362,0.5564392772488898,0.9674756538623924,4156,3795,47207,14535,0,10,0.003035546883056978,0.0,3.6977910317285677e-16,9.14359561338626e-16,1.904627818827031e-15
